[
  {
    "id": "3d6e887f-a1b0-4613-b5d9-3c8e9201f229",
    "data": [
      {
        "text": "darf mein blindenhund mit",
        "userDefined": false
      }
    ],
    "isTemplate": false,
    "count": 0,
    "lang": "de",
    "updated": 0
  },
  {
    "id": "c73aa1ef-34b3-4adc-b9ad-5ee7040ae4a5",
    "data": [
      {
        "text": "Ich brauche ",
        "userDefined": false
      },
      {
        "text": "meinen assistenzhund",
        "userDefined": false
      }
    ],
    "isTemplate": false,
    "count": 1,
    "lang": "de",
    "updated": 0
  },
  {
    "id": "47e87d18-45a2-4463-bbbd-5cfa37b57512",
    "data": [
      {
        "text": "Sind",
        "userDefined": false
      },
      {
        "text": " ",
        "userDefined": false
      },
      {
        "text": "Hunde erlaubt",
        "userDefined": false
      }
    ],
    "isTemplate": false,
    "count": 0,
    "lang": "de",
    "updated": 0
  },
  {
    "id": "55310c2d-7527-40d1-91c9-68e82871515f",
    "data": [
      {
        "text": "Kann ",
        "userDefined": false
      },
      {
        "text": "mein Hund",
        "userDefined": false
      },
      {
        "text": " mit zur ",
        "userDefined": false
      },
      {
        "text": "Veranstaltung",
        "userDefined": false
      }
    ],
    "isTemplate": false,
    "count": 0,
    "lang": "de",
    "updated": 0
  },
  {
    "id": "6ebe3657-bb7e-4a3f-876e-7338fa3c81f4",
    "data": [
      {
        "text": "Darf ",
        "userDefined": false
      },
      {
        "text": "ich meinen",
        "userDefined": false
      },
      {
        "text": " Blindenhund mitbringen?",
        "userDefined": false
      }
    ],
    "isTemplate": false,
    "count": 0,
    "lang": "de",
    "updated": 0
  },
  {
    "id": "c789725d-e075-471f-aaaa-29add95c1728",
    "data": [
      {
        "text": "Darf ich ",
        "userDefined": false
      },
      {
        "text": "einen",
        "meta": "@sys.number",
        "alias": "number",
        "userDefined": false
      },
      {
        "text": " Blindenhund mitbringen?",
        "userDefined": false
      }
    ],
    "isTemplate": false,
    "count": 0,
    "lang": "de",
    "updated": 0
  }
]