[
  {
    "id": "000a8749-cf36-4d8a-8911-e65f9e3a56fe",
    "data": [
      {
        "text": "ich habe ",
        "userDefined": false
      },
      {
        "text": "eine",
        "userDefined": false
      },
      {
        "text": " andere Frage",
        "userDefined": false
      }
    ],
    "isTemplate": false,
    "count": 0,
    "lang": "de",
    "updated": 0
  },
  {
    "id": "d55507db-41b6-4431-a523-d9305579fcf0",
    "data": [
      {
        "text": "ich habe ",
        "userDefined": false
      },
      {
        "text": "eine",
        "userDefined": false
      },
      {
        "text": " Frage",
        "userDefined": false
      }
    ],
    "isTemplate": false,
    "count": 0,
    "lang": "de",
    "updated": 0
  }
]