[
  {
    "id": "6aad062b-34be-4508-b2c4-694547ecdee8",
    "data": [
      {
        "text": "kannst du ",
        "userDefined": false
      },
      {
        "text": "einen",
        "userDefined": false
      },
      {
        "text": " ",
        "userDefined": false
      },
      {
        "text": "Salto",
        "userDefined": false
      },
      {
        "text": " machen?",
        "userDefined": false
      }
    ],
    "isTemplate": false,
    "count": 0,
    "lang": "de",
    "updated": 0
  },
  {
    "id": "6ee79db2-f96f-4b36-9d70-178337660d0f",
    "data": [
      {
        "text": "was kannst du",
        "userDefined": false
      }
    ],
    "isTemplate": false,
    "count": 0,
    "lang": "de",
    "updated": 0
  },
  {
    "id": "3f3496ed-31c7-4279-bb60-08a8162105d6",
    "data": [
      {
        "text": "was kannst du schon",
        "userDefined": false
      }
    ],
    "isTemplate": false,
    "count": 0,
    "lang": "de",
    "updated": 0
  }
]