[
  {
    "id": "46f5205c-08b5-4fca-92e1-5d959e68d94f",
    "data": [
      {
        "text": "Ich heisse ",
        "userDefined": false
      },
      {
        "text": "Aron Petau",
        "meta": "@user_name",
        "alias": "user_name",
        "userDefined": true
      }
    ],
    "isTemplate": false,
    "count": 0,
    "lang": "de",
    "updated": 0
  },
  {
    "id": "b9e13680-c918-42b7-aaf0-8e4fcfb760df",
    "data": [
      {
        "text": "Wolfgang",
        "meta": "@user_name",
        "alias": "user_name",
        "userDefined": true
      },
      {
        "text": " mein Name",
        "userDefined": false
      }
    ],
    "isTemplate": false,
    "count": 0,
    "lang": "de",
    "updated": 0
  },
  {
    "id": "cd673691-bf44-4315-8c49-ecb1f7673387",
    "data": [
      {
        "text": "Ich bin ",
        "userDefined": false
      },
      {
        "text": "Sven",
        "meta": "@user_name",
        "alias": "user_name",
        "userDefined": true
      }
    ],
    "isTemplate": false,
    "count": 0,
    "lang": "de",
    "updated": 0
  },
  {
    "id": "b898e23a-d552-4a94-8cb4-3d2e9a9da663",
    "data": [
      {
        "text": "mein Name ist ",
        "userDefined": false
      },
      {
        "text": "Hanna",
        "meta": "@user_name",
        "alias": "user_name",
        "userDefined": false
      }
    ],
    "isTemplate": false,
    "count": 0,
    "lang": "de",
    "updated": 0
  },
  {
    "id": "aaa36425-68d0-4f3f-a876-cb063251452f",
    "data": [
      {
        "text": "Ich heisse ",
        "userDefined": false
      },
      {
        "text": "Jens",
        "meta": "@user_name",
        "alias": "user_name",
        "userDefined": false
      }
    ],
    "isTemplate": false,
    "count": 0,
    "lang": "de",
    "updated": 0
  },
  {
    "id": "b2d99d7f-43e2-4cde-9c43-a0037387fb8c",
    "data": [
      {
        "text": "ich bin ",
        "userDefined": false
      },
      {
        "text": "Aron",
        "meta": "@user_name",
        "alias": "user_name",
        "userDefined": false
      }
    ],
    "isTemplate": false,
    "count": 0,
    "lang": "de",
    "updated": 0
  }
]