[
  {
    "id": "e41c126e-90fa-4b2c-9f96-6bf33b93eeb4",
    "data": [
      {
        "text": "was ist eigentlich ",
        "userDefined": false
      },
      {
        "text": "ableism",
        "meta": "@glossary",
        "alias": "glossary",
        "userDefined": true
      }
    ],
    "isTemplate": false,
    "count": 0,
    "lang": "de",
    "updated": 0
  },
  {
    "id": "d09beecd-fd3d-4f80-8e5b-65007a3c225e",
    "data": [
      {
        "text": "glossar ",
        "userDefined": false
      },
      {
        "text": "ÄLLEI",
        "meta": "@glossary",
        "alias": "glossary",
        "userDefined": true
      }
    ],
    "isTemplate": false,
    "count": 0,
    "lang": "de",
    "updated": 0
  },
  {
    "id": "c52f7c5e-19e8-4da4-b77c-55f09718f2d2",
    "data": [
      {
        "text": "Begriff erklären",
        "userDefined": false
      }
    ],
    "isTemplate": false,
    "count": 0,
    "lang": "de",
    "updated": 0
  },
  {
    "id": "5bf729d4-a524-4eaf-be01-16e5506ee9af",
    "data": [
      {
        "text": "Ich ",
        "userDefined": false
      },
      {
        "text": "will",
        "userDefined": false
      },
      {
        "text": " andere Begriffe bekommen",
        "userDefined": false
      }
    ],
    "isTemplate": false,
    "count": 2,
    "lang": "de",
    "updated": 0
  },
  {
    "id": "10a85652-87cc-4c7b-9e09-e591591b0710",
    "data": [
      {
        "text": "DGS",
        "meta": "@glossary",
        "alias": "glossary",
        "userDefined": true
      }
    ],
    "isTemplate": false,
    "count": 1,
    "lang": "de",
    "updated": 0
  },
  {
    "id": "fbd7557d-7d6b-4f1a-8c88-e579c31d80d7",
    "data": [
      {
        "text": "Ableismus",
        "meta": "@glossary",
        "alias": "glossary",
        "userDefined": true
      }
    ],
    "isTemplate": false,
    "count": 0,
    "lang": "de",
    "updated": 0
  },
  {
    "id": "77afd9d8-8178-45e3-bf00-1b75d0f92c66",
    "data": [
      {
        "text": "ÄLLEI / a11y",
        "meta": "@glossary",
        "alias": "glossary",
        "userDefined": true
      }
    ],
    "isTemplate": false,
    "count": 0,
    "lang": "de",
    "updated": 0
  },
  {
    "id": "2dd1b78f-8593-4969-b7c1-b82c6065b31d",
    "data": [
      {
        "text": "was heisst ",
        "userDefined": false
      },
      {
        "text": "dgs",
        "meta": "@glossary",
        "alias": "glossary",
        "userDefined": false
      },
      {
        "text": "?",
        "userDefined": false
      }
    ],
    "isTemplate": false,
    "count": 0,
    "lang": "de",
    "updated": 0
  },
  {
    "id": "f1f2affd-8ba2-4179-9d25-17cf4a967429",
    "data": [
      {
        "text": "glossar",
        "userDefined": false
      }
    ],
    "isTemplate": false,
    "count": 2,
    "lang": "de",
    "updated": 0
  },
  {
    "id": "553b73d6-36e0-4512-82bf-205d9f8c14e9",
    "data": [
      {
        "text": "was heisst denn ",
        "userDefined": false
      },
      {
        "text": "multipolar",
        "userDefined": false
      },
      {
        "text": "?",
        "userDefined": false
      }
    ],
    "isTemplate": false,
    "count": 0,
    "lang": "de",
    "updated": 0
  },
  {
    "id": "73cb3e6c-6383-414c-a4f7-b318e9e667db",
    "data": [
      {
        "text": "lexikon",
        "userDefined": false
      }
    ],
    "isTemplate": false,
    "count": 0,
    "lang": "de",
    "updated": 0
  },
  {
    "id": "19b16bc9-0da0-4ea6-9342-440c60f78d01",
    "data": [
      {
        "text": "kannst du mir ",
        "userDefined": false
      },
      {
        "text": "einen",
        "userDefined": false
      },
      {
        "text": " Begriff erklären",
        "userDefined": false
      }
    ],
    "isTemplate": false,
    "count": 0,
    "lang": "de",
    "updated": 0
  },
  {
    "id": "d51664d8-b4db-4954-b5ac-6a75e3ea5297",
    "data": [
      {
        "text": "ich verstehe ",
        "userDefined": false
      },
      {
        "text": "ein",
        "userDefined": false
      },
      {
        "text": " wort ",
        "userDefined": false
      },
      {
        "text": "nicht",
        "userDefined": false
      }
    ],
    "isTemplate": false,
    "count": 0,
    "lang": "de",
    "updated": 0
  },
  {
    "id": "79c450f4-d588-4ba5-8279-96d685c409df",
    "data": [
      {
        "text": "öffne den Glossar",
        "userDefined": false
      }
    ],
    "isTemplate": false,
    "count": 0,
    "lang": "de",
    "updated": 0
  },
  {
    "id": "76eccdca-01fa-460b-8fe8-8dc7a4a1a9d8",
    "data": [
      {
        "text": "zeig",
        "userDefined": false
      },
      {
        "text": " mir den Glossar",
        "userDefined": false
      }
    ],
    "isTemplate": false,
    "count": 0,
    "lang": "de",
    "updated": 0
  },
  {
    "data": [
      {
        "text": "was bedeutet ",
        "userDefined": false
      },
      {
        "text": "cis",
        "meta": "@glossary",
        "alias": "glossary",
        "userDefined": false
      },
      {
        "text": "?",
        "userDefined": false
      }
    ],
    "isTemplate": false,
    "count": 0,
    "lang": "de",
    "updated": 0
  },
  {
    "data": [
      {
        "text": "ich habe gehört, hier gibt es ",
        "userDefined": false
      },
      {
        "text": "einen",
        "meta": "@sys.number",
        "alias": "number",
        "userDefined": false
      },
      {
        "text": " glossar",
        "userDefined": false
      },
      {
        "text": "?",
        "userDefined": false
      }
    ],
    "isTemplate": false,
    "count": 0,
    "lang": "de",
    "updated": 0
  },
  {
    "data": [
      {
        "text": "was ist ",
        "userDefined": false
      },
      {
        "text": "ein",
        "meta": "@sys.number",
        "alias": "number",
        "userDefined": false
      },
      {
        "text": " glossar",
        "userDefined": false
      },
      {
        "text": "?",
        "userDefined": false
      }
    ],
    "isTemplate": false,
    "count": 0,
    "lang": "de",
    "updated": 0
  },
  {
    "data": [
      {
        "text": "Inter*",
        "meta": "@glossary",
        "alias": "glossary",
        "userDefined": false
      }
    ],
    "isTemplate": false,
    "count": 0,
    "lang": "de",
    "updated": 0
  },
  {
    "data": [
      {
        "text": "glossar ",
        "userDefined": false
      },
      {
        "text": "pinkeln",
        "meta": "@glossary",
        "alias": "glossary",
        "userDefined": false
      }
    ],
    "isTemplate": false,
    "count": 0,
    "lang": "de",
    "updated": 0
  }
]