[
  {
    "id": "3b35c767-ebc1-4176-b045-1a2e7d617f49",
    "data": [
      {
        "text": "Kenne ich schon: Hauptmenü",
        "userDefined": false
      }
    ],
    "isTemplate": false,
    "count": 0,
    "lang": "de",
    "updated": 0
  },
  {
    "id": "c91b57ff-2a82-4c06-b5ac-b97745ef3636",
    "data": [
      {
        "text": "ich will",
        "userDefined": false
      },
      {
        "text": " ",
        "userDefined": false
      },
      {
        "text": "in",
        "userDefined": false
      },
      {
        "text": " das Hauptmenü",
        "userDefined": false
      }
    ],
    "isTemplate": false,
    "count": 0,
    "lang": "de",
    "updated": 0
  },
  {
    "id": "4d442453-93e5-4d41-800d-082e7a30ab56",
    "data": [
      {
        "text": "Hauptmenü",
        "userDefined": false
      }
    ],
    "isTemplate": false,
    "count": 0,
    "lang": "de",
    "updated": 0
  },
  {
    "id": "494923d4-4daf-4999-84cf-6a86831cc28c",
    "data": [
      {
        "text": "weiter zum Hauptmenü",
        "userDefined": false
      }
    ],
    "isTemplate": false,
    "count": 0,
    "lang": "de",
    "updated": 0
  }
]