[
  {
    "id": "66468f7f-0926-4ffb-bb0c-bca2a0a4019e",
    "data": [
      {
        "text": "Das ",
        "userDefined": false
      },
      {
        "text": "ist mir egal",
        "meta": "@interest_1",
        "alias": "interest_1",
        "userDefined": false
      }
    ],
    "isTemplate": false,
    "count": 0,
    "lang": "de",
    "updated": 0
  },
  {
    "id": "b3f7ca2c-11c2-4f52-8528-4659e136a4cc",
    "data": [
      {
        "text": "das ist Unwichtig",
        "userDefined": false
      }
    ],
    "isTemplate": false,
    "count": 0,
    "lang": "de",
    "updated": 0
  },
  {
    "id": "524939e3-5a81-4955-a9fa-cf237fc01241",
    "data": [
      {
        "text": "egal",
        "userDefined": false
      }
    ],
    "isTemplate": false,
    "count": 0,
    "lang": "de",
    "updated": 0
  },
  {
    "id": "841856eb-6fe1-48c3-942a-8a5e39449809",
    "data": [
      {
        "text": "Ist mir Egal",
        "meta": "@interest_1",
        "alias": "interest_1",
        "userDefined": false
      }
    ],
    "isTemplate": false,
    "count": 0,
    "lang": "de",
    "updated": 0
  }
]