[
  {
    "id": "64864173-a093-4f97-8bff-99fe7d0fffa3",
    "data": [
      {
        "text": "Spieltermine der Veranstaltung",
        "userDefined": false
      }
    ],
    "isTemplate": false,
    "count": 0,
    "lang": "de",
    "updated": 0
  },
  {
    "id": "bd0ef3ac-61ac-4907-8da3-25380e683a7a",
    "data": [
      {
        "text": "Datum und ",
        "userDefined": false
      },
      {
        "text": "Ort",
        "userDefined": false
      }
    ],
    "isTemplate": false,
    "count": 0,
    "lang": "de",
    "updated": 0
  }
]