[
  {
    "id": "21d7af42-6bde-4dcb-acae-8d4e6d8bd34c",
    "data": [
      {
        "text": "Ich möchte meine Interessen angeben",
        "userDefined": false
      }
    ],
    "isTemplate": false,
    "count": 0,
    "lang": "de",
    "updated": 0
  },
  {
    "id": "04d3457b-b915-4a51-91c7-3aefaa5eff9e",
    "data": [
      {
        "text": "Nein, weiter: Interessenselektor",
        "userDefined": false
      }
    ],
    "isTemplate": false,
    "count": 0,
    "lang": "de",
    "updated": 0
  },
  {
    "id": "88130ab3-d663-41c5-97b6-806440e63c17",
    "data": [
      {
        "text": "Interessenselektor",
        "userDefined": false
      }
    ],
    "isTemplate": false,
    "count": 0,
    "lang": "de",
    "updated": 0
  }
]