[
  {
    "id": "36e7f4d0-e3f7-45a3-a965-07bb0580540a",
    "data": [
      {
        "text": "schick",
        "userDefined": false
      },
      {
        "text": " mir das einführungsvideo",
        "userDefined": false
      }
    ],
    "isTemplate": false,
    "count": 0,
    "lang": "de",
    "updated": 0
  },
  {
    "id": "8cd161cc-19db-43a7-991e-f2c527653990",
    "data": [
      {
        "text": "ich möchte",
        "userDefined": false
      },
      {
        "text": " ",
        "userDefined": false
      },
      {
        "text": "ein",
        "userDefined": false
      },
      {
        "text": " intro haben",
        "userDefined": false
      }
    ],
    "isTemplate": false,
    "count": 0,
    "lang": "de",
    "updated": 0
  },
  {
    "id": "a2c485c4-544d-4380-aa38-69a76ef76959",
    "data": [
      {
        "text": "einführungsvideo",
        "userDefined": false
      }
    ],
    "isTemplate": false,
    "count": 0,
    "lang": "de",
    "updated": 0
  }
]