[
  {
    "id": "221d7f39-7eff-4266-8e19-942be8700e9f",
    "data": [
      {
        "text": "mach das",
        "userDefined": false
      }
    ],
    "isTemplate": false,
    "count": 0,
    "lang": "de",
    "updated": 0
  },
  {
    "id": "ed9c9f97-c98b-4e5c-81f8-fa251b0a9317",
    "data": [
      {
        "text": "ja",
        "meta": "@interest_2",
        "alias": "interest_2",
        "userDefined": true
      }
    ],
    "isTemplate": false,
    "count": 2,
    "lang": "de",
    "updated": 0
  },
  {
    "id": "f6954dd1-ac6f-403d-91f6-54775f3df801",
    "data": [
      {
        "text": "natürlich",
        "userDefined": false
      }
    ],
    "isTemplate": false,
    "count": 1,
    "lang": "de",
    "updated": 0
  },
  {
    "id": "0f30148d-6233-4727-a2f5-05520a3e96d5",
    "data": [
      {
        "text": "bestätigen",
        "userDefined": false
      }
    ],
    "isTemplate": false,
    "count": 0,
    "lang": "de",
    "updated": 0
  },
  {
    "id": "742c0215-1409-4cfb-8461-f3b6368460a9",
    "data": [
      {
        "text": "klingt gut",
        "userDefined": false
      }
    ],
    "isTemplate": false,
    "count": 0,
    "lang": "de",
    "updated": 0
  },
  {
    "id": "b1e81fa2-398c-4f63-ba58-f62ffdc3cea1",
    "data": [
      {
        "text": "genau",
        "userDefined": false
      }
    ],
    "isTemplate": false,
    "count": 2,
    "lang": "de",
    "updated": 0
  },
  {
    "id": "7edd7713-39a3-4bb6-bf6d-ccff2357bd11",
    "data": [
      {
        "text": "klar",
        "userDefined": false
      }
    ],
    "isTemplate": false,
    "count": 1,
    "lang": "de",
    "updated": 0
  },
  {
    "id": "922be3e3-12fc-4c12-a5b2-a1d62c8ae359",
    "data": [
      {
        "text": "das ist richtig",
        "userDefined": false
      }
    ],
    "isTemplate": false,
    "count": 1,
    "lang": "de",
    "updated": 0
  },
  {
    "id": "6cadbc9b-4597-4cfc-ac47-95f79eb8d810",
    "data": [
      {
        "text": "einverstanden",
        "userDefined": false
      }
    ],
    "isTemplate": false,
    "count": 0,
    "lang": "de",
    "updated": 0
  }
]