[
  {
    "id": "b7f99157-d2ec-46b8-b9a3-9f9ac19197c5",
    "data": [
      {
        "text": "Was ist das Thema des Festivals?",
        "userDefined": false
      }
    ],
    "isTemplate": false,
    "count": 0,
    "lang": "de",
    "updated": 0
  },
  {
    "id": "d22e9acf-42a9-45a9-aba0-ce0bbf44a47a",
    "data": [
      {
        "text": "stell",
        "userDefined": false
      },
      {
        "text": " mir das Thema vom Festival vor",
        "userDefined": false
      }
    ],
    "isTemplate": false,
    "count": 0,
    "lang": "de",
    "updated": 0
  },
  {
    "id": "40aa4ef4-81ba-4879-b3e3-851b8e70b191",
    "data": [
      {
        "text": "weiter: Themenvorstellung",
        "userDefined": false
      }
    ],
    "isTemplate": false,
    "count": 0,
    "lang": "de",
    "updated": 0
  }
]