[
  {
    "id": "a5c50304-0258-4810-b353-637ac869e17f",
    "data": [
      {
        "text": "Video",
        "userDefined": false
      },
      {
        "text": ": Videotitel",
        "userDefined": false
      }
    ],
    "isTemplate": false,
    "count": 0,
    "lang": "de",
    "updated": 0
  },
  {
    "id": "662e4f44-ab5b-488c-8655-bac1d0feab64",
    "data": [
      {
        "text": "Video",
        "userDefined": false
      },
      {
        "text": ": Was ist Sommerblut?",
        "userDefined": false
      }
    ],
    "isTemplate": false,
    "count": 0,
    "lang": "de",
    "updated": 0
  }
]