[
  {
    "id": "6b6a2734-05ff-447a-8136-227708f0f83b",
    "data": [
      {
        "text": "Zurück: Videoübersicht Sommerblut",
        "userDefined": false
      }
    ],
    "isTemplate": false,
    "count": 0,
    "lang": "de",
    "updated": 0
  },
  {
    "id": "ae057674-07bb-4101-89c4-bbc225a66017",
    "data": [
      {
        "text": "Mehr über Sommerblut erfahren",
        "userDefined": false
      }
    ],
    "isTemplate": false,
    "count": 0,
    "lang": "de",
    "updated": 0
  },
  {
    "id": "f70a93eb-aa42-45a9-8159-ceffc637c104",
    "data": [
      {
        "text": "wer ist sommerblut",
        "userDefined": false
      }
    ],
    "isTemplate": false,
    "count": 1,
    "lang": "de",
    "updated": 0
  },
  {
    "id": "6edc285f-b8d1-4766-be24-fddaf93959bd",
    "data": [
      {
        "text": "was ist das Sommerblut festival",
        "userDefined": false
      }
    ],
    "isTemplate": false,
    "count": 0,
    "lang": "de",
    "updated": 0
  },
  {
    "id": "b01ae26d-ed2b-411b-a6f0-1a51738cd150",
    "data": [
      {
        "text": "was ist sommerblut",
        "userDefined": false
      }
    ],
    "isTemplate": false,
    "count": 0,
    "lang": "de",
    "updated": 0
  }
]