[
  {
    "id": "680d9462-ef5e-4c9b-ab8c-05238e80aecb",
    "data": [
      {
        "text": "zeig",
        "meta": "@sys.last-name",
        "alias": "last-name",
        "userDefined": false
      },
      {
        "text": " mir die letzte Veranstaltung",
        "userDefined": false
      }
    ],
    "isTemplate": false,
    "count": 0,
    "lang": "de",
    "updated": 0
  },
  {
    "id": "5558bbf6-9134-449f-a2e3-0bf22470c990",
    "data": [
      {
        "text": "zurück zur letzten Veranstaltung",
        "userDefined": false
      }
    ],
    "isTemplate": false,
    "count": 0,
    "lang": "de",
    "updated": 0
  },
  {
    "id": "70549298-8a63-4b2f-8b01-e0e28e5e9426",
    "data": [
      {
        "text": "zeig mir das letzte Event",
        "userDefined": false
      }
    ],
    "isTemplate": false,
    "count": 0,
    "lang": "de",
    "updated": 0
  }
]