[
  {
    "id": "e80560aa-b801-4e34-96d5-2f5bac6036d0",
    "data": [
      {
        "text": "Bring mich zum ",
        "userDefined": false
      },
      {
        "text": "lachen",
        "userDefined": false
      }
    ],
    "isTemplate": false,
    "count": 0,
    "lang": "de",
    "updated": 0
  },
  {
    "id": "9ddf3be2-7347-4340-a099-e2e89c480d83",
    "data": [
      {
        "text": "Kannst du ",
        "userDefined": false
      },
      {
        "text": "witze",
        "userDefined": false
      },
      {
        "text": " erzählen",
        "userDefined": false
      }
    ],
    "isTemplate": false,
    "count": 0,
    "lang": "de",
    "updated": 0
  },
  {
    "id": "db17c61d-a305-4d75-a7ab-d10fd618deaf",
    "data": [
      {
        "text": "noch ",
        "userDefined": false
      },
      {
        "text": "ein",
        "meta": "@sys.number",
        "alias": "number",
        "userDefined": false
      },
      {
        "text": " ",
        "userDefined": false
      },
      {
        "text": "Witz",
        "userDefined": false
      }
    ],
    "isTemplate": false,
    "count": 0,
    "lang": "de",
    "updated": 0
  },
  {
    "id": "99cd239e-ffb5-4ef4-8647-a7d3dbe2b583",
    "data": [
      {
        "text": "sag ",
        "userDefined": false
      },
      {
        "text": "was",
        "userDefined": false
      },
      {
        "text": " lustiges",
        "userDefined": false
      }
    ],
    "isTemplate": false,
    "count": 0,
    "lang": "de",
    "updated": 0
  },
  {
    "id": "0311e025-8bfd-4b47-9710-7934eba72dea",
    "data": [
      {
        "text": "erzähl ",
        "userDefined": false
      },
      {
        "text": "einen",
        "meta": "@sys.number",
        "alias": "number",
        "userDefined": false
      },
      {
        "text": " ",
        "userDefined": false
      },
      {
        "text": "Witz",
        "userDefined": false
      }
    ],
    "isTemplate": false,
    "count": 0,
    "lang": "de",
    "updated": 0
  }
]