[
  {
    "id": "d331b3f1-51e0-4fac-bd0f-361e6a2cf549",
    "data": [
      {
        "text": "zeig mir das ",
        "userDefined": false
      },
      {
        "text": "b",
        "meta": "@fa_letter",
        "alias": "FA-Zeichen",
        "userDefined": true
      },
      {
        "text": " im Fingeralphabet",
        "userDefined": false
      }
    ],
    "isTemplate": false,
    "count": 0,
    "lang": "de",
    "updated": 0
  },
  {
    "id": "ef1ec946-78e8-449c-a281-4698e50bce50",
    "data": [
      {
        "text": "wie geht das ",
        "userDefined": false
      },
      {
        "text": "a",
        "meta": "@fa_letter",
        "alias": "FA-Zeichen",
        "userDefined": true
      },
      {
        "text": " im fingeralphabet",
        "userDefined": false
      }
    ],
    "isTemplate": false,
    "count": 0,
    "lang": "de",
    "updated": 0
  },
  {
    "id": "1781d136-0c6d-41a4-927e-d5dfa3e147a3",
    "data": [
      {
        "text": "fingeralphabet",
        "userDefined": false
      }
    ],
    "isTemplate": false,
    "count": 0,
    "lang": "de",
    "updated": 0
  },
  {
    "id": "77ff93e5-3328-491f-a02d-f432b8e31db1",
    "data": [
      {
        "text": "bring mir das Fingeralphabet bei",
        "userDefined": false
      }
    ],
    "isTemplate": false,
    "count": 0,
    "lang": "de",
    "updated": 0
  },
  {
    "id": "3bc2b572-f3fb-460a-830e-64543383707e",
    "data": [
      {
        "text": "Kannst du mir das Fingeralphabet beibringen",
        "userDefined": false
      }
    ],
    "isTemplate": false,
    "count": 0,
    "lang": "de",
    "updated": 0
  }
]