[
  {
    "id": "f2e51741-8263-414c-b9f4-98ec883b4d0e",
    "data": [
      {
        "text": "Kann ich als Ausländer zum Festival?",
        "userDefined": false
      }
    ],
    "isTemplate": false,
    "count": 0,
    "lang": "de",
    "updated": 0
  },
  {
    "id": "a24e91ec-4ea5-42bb-b49b-06decc49c83c",
    "data": [
      {
        "text": "für ",
        "userDefined": false
      },
      {
        "text": "wen",
        "userDefined": false
      },
      {
        "text": " ist das sommerblut",
        "userDefined": false
      }
    ],
    "isTemplate": false,
    "count": 0,
    "lang": "de",
    "updated": 0
  },
  {
    "id": "c6dbb568-ed8b-420e-987d-a213ffe241c2",
    "data": [
      {
        "text": "Kann ich mit",
        "userDefined": false
      },
      {
        "text": " ",
        "userDefined": false
      },
      {
        "text": "Rollstuhl",
        "userDefined": false
      },
      {
        "text": " zum Festival?",
        "userDefined": false
      }
    ],
    "isTemplate": false,
    "count": 0,
    "lang": "de",
    "updated": 0
  },
  {
    "id": "7a429753-6fda-490b-896f-eae95c6981ae",
    "data": [
      {
        "text": "Wer darf auf das Festival ",
        "userDefined": false
      },
      {
        "text": "gehen",
        "userDefined": false
      }
    ],
    "isTemplate": false,
    "count": 0,
    "lang": "de",
    "updated": 0
  },
  {
    "id": "b6711b06-e4f1-45ab-b56d-3361ec3ae3bb",
    "data": [
      {
        "text": "Ist Sommerblut nur für Behinderte?",
        "userDefined": false
      }
    ],
    "isTemplate": false,
    "count": 0,
    "lang": "de",
    "updated": 0
  },
  {
    "id": "bff43fe1-2d78-4f1e-b4bd-5bf5b4bec61c",
    "data": [
      {
        "text": "An ",
        "userDefined": false
      },
      {
        "text": "wen",
        "userDefined": false
      },
      {
        "text": " richtet ",
        "userDefined": false
      },
      {
        "text": "sich",
        "userDefined": false
      },
      {
        "text": " Sommerblut?",
        "userDefined": false
      }
    ],
    "isTemplate": false,
    "count": 0,
    "lang": "de",
    "updated": 0
  }
]