[
  {
    "id": "21ddc28e-9c3f-46e5-a5fe-1ae3efbfc484",
    "data": [
      {
        "text": "Ich glaube ich habe zu viel für mein Ticket bezahlt!",
        "userDefined": false
      }
    ],
    "isTemplate": false,
    "count": 1,
    "lang": "de",
    "updated": 0
  },
  {
    "id": "346044a5-6f0b-4c76-be65-7f0ead5c9dd8",
    "data": [
      {
        "text": "Akzeptiert ihr ",
        "userDefined": false
      },
      {
        "text": "den Köln",
        "meta": "@sys.location",
        "alias": "location",
        "userDefined": false
      },
      {
        "text": " Pass?",
        "userDefined": false
      }
    ],
    "isTemplate": false,
    "count": 0,
    "lang": "de",
    "updated": 0
  },
  {
    "id": "278f26e6-94d3-4771-aff5-8058994aa5d9",
    "data": [
      {
        "text": "Sind",
        "userDefined": false
      },
      {
        "text": " Studierende ermäßigt?",
        "userDefined": false
      }
    ],
    "isTemplate": false,
    "count": 0,
    "lang": "de",
    "updated": 0
  },
  {
    "id": "67e4cdb2-1fba-428e-8640-09913b0b3242",
    "data": [
      {
        "text": "gibt es rabatt für studenten",
        "userDefined": false
      }
    ],
    "isTemplate": false,
    "count": 0,
    "lang": "de",
    "updated": 0
  },
  {
    "id": "7c557582-3209-437b-b4dc-f15c0f1647ea",
    "data": [
      {
        "text": "Muss ich mit",
        "userDefined": false
      },
      {
        "text": " ",
        "userDefined": false
      },
      {
        "text": "Harz",
        "userDefined": false
      },
      {
        "text": " ",
        "userDefined": false
      },
      {
        "text": "4",
        "userDefined": false
      },
      {
        "text": " auch Tickets ",
        "userDefined": false
      },
      {
        "text": "kaufen",
        "userDefined": false
      },
      {
        "text": "?",
        "userDefined": false
      }
    ],
    "isTemplate": false,
    "count": 0,
    "lang": "de",
    "updated": 0
  },
  {
    "id": "7f12dc08-da6f-4176-aa78-75140439e150",
    "data": [
      {
        "text": "gibt es ermäßigte tickets",
        "userDefined": false
      }
    ],
    "isTemplate": false,
    "count": 0,
    "lang": "de",
    "updated": 0
  },
  {
    "id": "272d9b5c-451d-43b5-a6c0-b27071bb6323",
    "data": [
      {
        "text": "Wer kann ",
        "userDefined": false
      },
      {
        "text": "eine",
        "meta": "@sys.number",
        "alias": "number",
        "userDefined": false
      },
      {
        "text": " ermäßigung bekommen?",
        "userDefined": false
      }
    ],
    "isTemplate": false,
    "count": 0,
    "lang": "de",
    "updated": 0
  }
]