[
  {
    "id": "5544ba6f-ffc2-40cf-bea0-d4ac84804f11",
    "data": [
      {
        "text": "Wo ist das Festivalzentrum?",
        "userDefined": false
      }
    ],
    "isTemplate": false,
    "count": 0,
    "lang": "de",
    "updated": 0
  },
  {
    "id": "0cb34299-f2c3-4eaf-9a54-0b6814f9a729",
    "data": [
      {
        "text": "Wo findet das Festival statt?",
        "userDefined": false
      }
    ],
    "isTemplate": false,
    "count": 0,
    "lang": "de",
    "updated": 0
  },
  {
    "id": "6fd8cb0a-e68e-40be-b6ac-661315c194aa",
    "data": [
      {
        "text": "Wo ist das Festival",
        "userDefined": false
      }
    ],
    "isTemplate": false,
    "count": 0,
    "lang": "de",
    "updated": 0
  },
  {
    "id": "019488ba-5626-438e-b703-1f6a0f4599f4",
    "data": [
      {
        "text": "Wo ist das Sommerblut",
        "userDefined": false
      }
    ],
    "isTemplate": false,
    "count": 0,
    "lang": "de",
    "updated": 0
  },
  {
    "id": "2fa85260-548f-4984-b876-ed05adeedbc0",
    "data": [
      {
        "text": "Wo findet das Sommerblut statt?",
        "userDefined": false
      }
    ],
    "isTemplate": false,
    "count": 0,
    "lang": "de",
    "updated": 0
  }
]