[
  {
    "id": "a7d6f84a-337a-4a2b-b259-9e1925b1fa4d",
    "data": [
      {
        "text": "wie kann ich das sommerblut erreichen?",
        "userDefined": false
      }
    ],
    "isTemplate": false,
    "count": 0,
    "lang": "de",
    "updated": 0
  },
  {
    "id": "13d92fd6-e57a-4f00-ac09-8c37268d40a4",
    "data": [
      {
        "text": "habt ihr ",
        "userDefined": false
      },
      {
        "text": "ein fundbüro",
        "userDefined": false
      }
    ],
    "isTemplate": false,
    "count": 0,
    "lang": "de",
    "updated": 0
  },
  {
    "id": "7e962e49-5383-4c8d-9f36-91dd5633b678",
    "data": [
      {
        "text": "gibt es ",
        "userDefined": false
      },
      {
        "text": "ein",
        "meta": "@sys.number",
        "alias": "number",
        "userDefined": false
      },
      {
        "text": " lost ",
        "userDefined": false
      },
      {
        "text": "and",
        "userDefined": false
      },
      {
        "text": " found?",
        "userDefined": false
      }
    ],
    "isTemplate": false,
    "count": 0,
    "lang": "de",
    "updated": 0
  },
  {
    "id": "df830b72-e9f7-465e-b990-4ba438f0a324",
    "data": [
      {
        "text": "Ich habe etwas verloren",
        "userDefined": false
      }
    ],
    "isTemplate": false,
    "count": 0,
    "lang": "de",
    "updated": 0
  },
  {
    "id": "85a5adef-ca57-4081-b0f2-2a8ac63e2bbc",
    "data": [
      {
        "text": "Ich hab ",
        "userDefined": false
      },
      {
        "text": "Corona",
        "userDefined": false
      },
      {
        "text": " ",
        "userDefined": false
      },
      {
        "text": "und",
        "userDefined": false
      },
      {
        "text": " war bei ",
        "userDefined": false
      },
      {
        "text": "einem",
        "meta": "@sys.number",
        "alias": "number",
        "userDefined": false
      },
      {
        "text": " ",
        "userDefined": false
      },
      {
        "text": "Stück",
        "userDefined": false
      }
    ],
    "isTemplate": false,
    "count": 0,
    "lang": "de",
    "updated": 0
  }
]