[
  {
    "id": "c7542c92-7da0-44ca-8d2a-39c6f7de92b4",
    "data": [
      {
        "text": "Was bedeutet sommerblut",
        "userDefined": false
      }
    ],
    "isTemplate": false,
    "count": 0,
    "lang": "de",
    "updated": 0
  },
  {
    "id": "1e34697d-fcde-4cd0-9b66-7d8bd6a4720a",
    "data": [
      {
        "text": "Was bedeutet der Name Sommerblut",
        "userDefined": false
      }
    ],
    "isTemplate": false,
    "count": 0,
    "lang": "de",
    "updated": 0
  },
  {
    "id": "715ec247-b2bf-497b-ada9-85b4daab679b",
    "data": [
      {
        "text": "Warum heißt das Festival Sommerblut?",
        "userDefined": false
      }
    ],
    "isTemplate": false,
    "count": 0,
    "lang": "de",
    "updated": 0
  }
]