[
  {
    "id": "440560a2-3f41-4a54-9a81-4883ace8055a",
    "data": [
      {
        "text": "wie viele produktionen macht das festival",
        "userDefined": false
      }
    ],
    "isTemplate": false,
    "count": 0,
    "lang": "de",
    "updated": 0
  },
  {
    "id": "381391a0-b354-4099-ae4d-0ed9781055b1",
    "data": [
      {
        "text": "wie viele stücke spielt ihr",
        "userDefined": false
      }
    ],
    "isTemplate": false,
    "count": 0,
    "lang": "de",
    "updated": 0
  },
  {
    "id": "a13cd81e-0850-4910-842e-98490f467b19",
    "data": [
      {
        "text": "wie ",
        "userDefined": false
      },
      {
        "text": "groß",
        "userDefined": false
      },
      {
        "text": " ist das sommerblut?",
        "userDefined": false
      }
    ],
    "isTemplate": false,
    "count": 0,
    "lang": "de",
    "updated": 0
  }
]