[
  {
    "id": "6c0c19e7-a5d0-4a2c-9bbf-26345e0f12cc",
    "data": [
      {
        "text": "frage über das festival",
        "userDefined": false
      }
    ],
    "isTemplate": false,
    "count": 0,
    "lang": "de",
    "updated": 0
  },
  {
    "id": "0542936e-ed4f-4b3a-85b6-355f31a147b3",
    "data": [
      {
        "text": "frage zum sommerblut",
        "userDefined": false
      }
    ],
    "isTemplate": false,
    "count": 0,
    "lang": "de",
    "updated": 0
  },
  {
    "id": "97a51c47-8c2b-4831-82f9-fc79b3e4db69",
    "data": [
      {
        "text": "Kannst ",
        "userDefined": false
      },
      {
        "text": "du",
        "userDefined": false
      },
      {
        "text": " mir ",
        "userDefined": false
      },
      {
        "text": "eine",
        "userDefined": false
      },
      {
        "text": " frage zum sommerblut beantworten",
        "userDefined": false
      }
    ],
    "isTemplate": false,
    "count": 0,
    "lang": "de",
    "updated": 0
  },
  {
    "id": "b44e3eee-3d66-49f2-8f05-f1def8cc501d",
    "data": [
      {
        "text": "Ich habe ",
        "userDefined": false
      },
      {
        "text": "eine",
        "userDefined": false
      },
      {
        "text": " Frage zum Sommerblut generell",
        "userDefined": false
      }
    ],
    "isTemplate": false,
    "count": 0,
    "lang": "de",
    "updated": 0
  },
  {
    "id": "db6cb0e1-c8f8-4e2c-adb8-50b11daf0886",
    "data": [
      {
        "text": "Frage zum Sommerblut allgemein",
        "userDefined": false
      }
    ],
    "isTemplate": false,
    "count": 2,
    "lang": "de",
    "updated": 0
  },
  {
    "data": [
      {
        "text": "Wo kann ich Sommerblut finden?",
        "userDefined": false
      }
    ],
    "isTemplate": false,
    "count": 0,
    "lang": "de",
    "updated": 0
  },
  {
    "data": [
      {
        "text": "An welchem ",
        "userDefined": false
      },
      {
        "text": "Ort",
        "meta": "@sys.last-name",
        "alias": "last-name",
        "userDefined": false
      },
      {
        "text": " finde ich euch",
        "userDefined": false
      }
    ],
    "isTemplate": false,
    "count": 0,
    "lang": "de",
    "updated": 0
  },
  {
    "data": [
      {
        "text": "kulturfestival",
        "meta": "@sys.location",
        "alias": "location",
        "userDefined": false
      }
    ],
    "isTemplate": false,
    "count": 0,
    "lang": "de",
    "updated": 0
  }
]