[
  {
    "id": "306bf1b9-4bd9-4340-ab04-545f46a69309",
    "data": [
      {
        "text": "arbeiten beim sommerblut",
        "userDefined": false
      }
    ],
    "isTemplate": false,
    "count": 0,
    "lang": "de",
    "updated": 0
  },
  {
    "id": "4338a348-9b73-4448-a342-84cbce258489",
    "data": [
      {
        "text": "mitmachen",
        "userDefined": false
      }
    ],
    "isTemplate": false,
    "count": 0,
    "lang": "de",
    "updated": 0
  },
  {
    "id": "54da0559-7fd8-45ee-98ce-ce28b025d8cb",
    "data": [
      {
        "text": "Ich möchte",
        "userDefined": false
      },
      {
        "text": " bei euch mitmachen!",
        "userDefined": false
      }
    ],
    "isTemplate": false,
    "count": 0,
    "lang": "de",
    "updated": 0
  },
  {
    "id": "88a0db89-d500-417e-a3ac-bfe0260fd228",
    "data": [
      {
        "text": "Ich möchte",
        "userDefined": false
      },
      {
        "text": " ",
        "userDefined": false
      },
      {
        "text": "ein",
        "userDefined": false
      },
      {
        "text": " ",
        "userDefined": false
      },
      {
        "text": "Stück",
        "userDefined": false
      },
      {
        "text": " mit euch machen!",
        "userDefined": false
      }
    ],
    "isTemplate": false,
    "count": 0,
    "lang": "de",
    "updated": 0
  },
  {
    "id": "632b38f5-2f1d-493a-8cde-722c7474cde6",
    "data": [
      {
        "text": "Ich brauch einen",
        "userDefined": false
      },
      {
        "text": " ",
        "userDefined": false
      },
      {
        "text": "Job",
        "userDefined": false
      },
      {
        "text": "!",
        "userDefined": false
      }
    ],
    "isTemplate": false,
    "count": 0,
    "lang": "de",
    "updated": 0
  },
  {
    "id": "80922ae3-15a4-462c-979f-47390605158c",
    "data": [
      {
        "text": "Kann ich bei euch arbeiten?",
        "userDefined": false
      }
    ],
    "isTemplate": false,
    "count": 0,
    "lang": "de",
    "updated": 0
  }
]