[
  {
    "id": "f57ac8ac-7542-4bfb-9316-1b38a73c10b0",
    "data": [
      {
        "text": "Besucherstatistik",
        "userDefined": false
      }
    ],
    "isTemplate": false,
    "count": 0,
    "lang": "de",
    "updated": 0
  },
  {
    "id": "e53d9d79-9f62-4b5a-bfbc-a2ecdf289ec5",
    "data": [
      {
        "text": "wie ",
        "userDefined": false
      },
      {
        "text": "viele Leute",
        "userDefined": false
      },
      {
        "text": " ",
        "userDefined": false
      },
      {
        "text": "sind",
        "userDefined": false
      },
      {
        "text": " auf dem Festival?",
        "userDefined": false
      }
    ],
    "isTemplate": false,
    "count": 0,
    "lang": "de",
    "updated": 0
  },
  {
    "id": "9f7b43b3-3afa-479a-9827-9de7f29fd69b",
    "data": [
      {
        "text": "Besucherzahl",
        "userDefined": false
      }
    ],
    "isTemplate": false,
    "count": 0,
    "lang": "de",
    "updated": 0
  },
  {
    "id": "29976c68-daa2-468c-8654-8ca2867ff91b",
    "data": [
      {
        "text": "wie ",
        "userDefined": false
      },
      {
        "text": "viele",
        "userDefined": false
      },
      {
        "text": " Besucher hat das Sommerblut?",
        "userDefined": false
      }
    ],
    "isTemplate": false,
    "count": 0,
    "lang": "de",
    "updated": 0
  },
  {
    "id": "ce74c08d-3392-4ee6-8d9a-51314c0f5f6a",
    "data": [
      {
        "text": "Wie ",
        "userDefined": false
      },
      {
        "text": "groß",
        "userDefined": false
      },
      {
        "text": " ist das Festival?",
        "userDefined": false
      }
    ],
    "isTemplate": false,
    "count": 0,
    "lang": "de",
    "updated": 0
  }
]