[
  {
    "id": "bce736d2-8767-498b-b650-d4afdfe36e6e",
    "data": [
      {
        "text": "wer macht das Festival",
        "userDefined": false
      }
    ],
    "isTemplate": false,
    "count": 0,
    "lang": "de",
    "updated": 0
  },
  {
    "id": "5fd86c81-1c02-4950-a583-657c66377700",
    "data": [
      {
        "text": "Wer organisiert das Festival?",
        "userDefined": false
      }
    ],
    "isTemplate": false,
    "count": 0,
    "lang": "de",
    "updated": 0
  },
  {
    "id": "5892d122-7f4c-48b3-8a5e-77a85d97f704",
    "data": [
      {
        "text": "wer ist das Team vom Sommerblut",
        "userDefined": false
      }
    ],
    "isTemplate": false,
    "count": 0,
    "lang": "de",
    "updated": 0
  },
  {
    "id": "ac9ac980-3b43-450a-88d0-a201b63bf3fc",
    "data": [
      {
        "text": "wer steckt hinter dem Sommerblut?",
        "userDefined": false
      }
    ],
    "isTemplate": false,
    "count": 0,
    "lang": "de",
    "updated": 0
  }
]