[
  {
    "id": "f5a1d49f-1460-4f48-a6ae-28740a4180f3",
    "data": [
      {
        "text": "ich hatte spass auf dem festival",
        "userDefined": false
      }
    ],
    "isTemplate": false,
    "count": 0,
    "lang": "de",
    "updated": 0
  },
  {
    "id": "f20ad893-cf8c-4c90-8d27-e879342ed44e",
    "data": [
      {
        "text": "das sommerblut macht ",
        "userDefined": false
      },
      {
        "text": "richtig",
        "userDefined": false
      },
      {
        "text": " spass",
        "userDefined": false
      }
    ],
    "isTemplate": false,
    "count": 0,
    "lang": "de",
    "updated": 0
  },
  {
    "id": "690d920c-f6ef-4b1d-bb67-d73d3ecced65",
    "data": [
      {
        "text": "das festival ist ",
        "userDefined": false
      },
      {
        "text": "erste sahne",
        "userDefined": false
      }
    ],
    "isTemplate": false,
    "count": 0,
    "lang": "de",
    "updated": 0
  },
  {
    "id": "52fd273f-0eb5-4720-9d77-511c75079004",
    "data": [
      {
        "text": "ich ",
        "userDefined": false
      },
      {
        "text": "liebe",
        "userDefined": false
      },
      {
        "text": " das sommerblut",
        "userDefined": false
      }
    ],
    "isTemplate": false,
    "count": 0,
    "lang": "de",
    "updated": 0
  },
  {
    "id": "22358f24-dd22-44e4-b25f-70a54a0133ad",
    "data": [
      {
        "text": "das sommerblut ist klasse",
        "userDefined": false
      }
    ],
    "isTemplate": false,
    "count": 0,
    "lang": "de",
    "updated": 0
  },
  {
    "id": "48b50428-238c-4b0f-86ad-24aafc0d3608",
    "data": [
      {
        "text": "ich find euch super",
        "userDefined": false
      }
    ],
    "isTemplate": false,
    "count": 0,
    "lang": "de",
    "updated": 0
  },
  {
    "id": "1836380f-774e-4389-b418-e2668612ecb6",
    "data": [
      {
        "text": "ich find euch ",
        "userDefined": false
      },
      {
        "text": "spitze",
        "userDefined": false
      }
    ],
    "isTemplate": false,
    "count": 0,
    "lang": "de",
    "updated": 0
  }
]