[
  {
    "id": "13221d72-9e3f-4aa9-a10e-6bf3ee5fd184",
    "data": [
      {
        "text": "ich habe ",
        "userDefined": false
      },
      {
        "text": "das theater",
        "userDefined": false
      },
      {
        "text": " ",
        "userDefined": false
      },
      {
        "text": "nicht",
        "userDefined": false
      },
      {
        "text": " verstanden",
        "userDefined": false
      }
    ],
    "isTemplate": false,
    "count": 0,
    "lang": "de",
    "updated": 0
  },
  {
    "id": "176e6466-d040-430f-b3a8-0ef4b5c52844",
    "data": [
      {
        "text": "ich habe ",
        "userDefined": false
      },
      {
        "text": "ein",
        "meta": "@sys.number",
        "alias": "number",
        "userDefined": false
      },
      {
        "text": " ",
        "userDefined": false
      },
      {
        "text": "stück",
        "userDefined": false
      },
      {
        "text": " ",
        "userDefined": false
      },
      {
        "text": "nicht",
        "userDefined": false
      },
      {
        "text": " verstanden",
        "userDefined": false
      }
    ],
    "isTemplate": false,
    "count": 0,
    "lang": "de",
    "updated": 0
  },
  {
    "id": "ab3bbc28-3473-45cf-8e38-3dcdd66efde0",
    "data": [
      {
        "text": "Ich habe etwas an ",
        "userDefined": false
      },
      {
        "text": "einem",
        "meta": "@sys.number",
        "alias": "number",
        "userDefined": false
      },
      {
        "text": " ",
        "userDefined": false
      },
      {
        "text": "stück",
        "userDefined": false
      },
      {
        "text": " ",
        "userDefined": false
      },
      {
        "text": "nicht",
        "userDefined": false
      },
      {
        "text": " verstanden",
        "userDefined": false
      }
    ],
    "isTemplate": false,
    "count": 0,
    "lang": "de",
    "updated": 0
  },
  {
    "id": "10aa4f8c-c638-4ebf-846f-684c61420412",
    "data": [
      {
        "text": "Ich möchte",
        "userDefined": false
      },
      {
        "text": " ",
        "userDefined": false
      },
      {
        "text": "ein",
        "meta": "@sys.number",
        "alias": "number",
        "userDefined": false
      },
      {
        "text": " fehlverhalten melden",
        "userDefined": false
      }
    ],
    "isTemplate": false,
    "count": 0,
    "lang": "de",
    "updated": 0
  },
  {
    "id": "5ca66c98-9212-4dc5-bd80-f12739b33ff9",
    "data": [
      {
        "text": "Ihr seid ableistisch",
        "userDefined": false
      }
    ],
    "isTemplate": false,
    "count": 0,
    "lang": "de",
    "updated": 0
  },
  {
    "id": "6368dfaf-d9cd-4a7c-a6bb-7ce3afe4e345",
    "data": [
      {
        "text": "Euer ",
        "userDefined": false
      },
      {
        "text": "Stück",
        "userDefined": false
      },
      {
        "text": " war rassistisch!",
        "userDefined": false
      }
    ],
    "isTemplate": false,
    "count": 0,
    "lang": "de",
    "updated": 0
  },
  {
    "id": "0a5cd4b2-1c7a-4aed-8767-1823fb89215f",
    "data": [
      {
        "text": "Ich finde euch sexistisch!",
        "userDefined": false
      }
    ],
    "isTemplate": false,
    "count": 0,
    "lang": "de",
    "updated": 0
  }
]