[
  {
    "id": "791e82e0-6ad0-4f8c-afee-fd32b6edd687",
    "data": [
      {
        "text": "ich möchte mehr über das Motto ",
        "userDefined": false
      },
      {
        "text": "2022",
        "userDefined": false
      },
      {
        "text": " wissen",
        "userDefined": false
      }
    ],
    "isTemplate": false,
    "count": 0,
    "lang": "de",
    "updated": 0
  },
  {
    "id": "c425cade-7a5e-43a5-89d9-88fbb357dfe5",
    "data": [
      {
        "text": "Vorstellung überspringen",
        "userDefined": false
      }
    ],
    "isTemplate": false,
    "count": 1,
    "lang": "de",
    "updated": 0
  },
  {
    "id": "703ddfbc-a21b-4ea9-9cdc-4e75dbd8ee41",
    "data": [
      {
        "text": "Was ist das Motto vom Sommerblut",
        "userDefined": false
      }
    ],
    "isTemplate": false,
    "count": 0,
    "lang": "de",
    "updated": 0
  },
  {
    "id": "5830550a-5039-4a07-aaae-3d33dcfaac39",
    "data": [
      {
        "text": "Worum geht es ",
        "userDefined": false
      },
      {
        "text": "dieses Jahr",
        "userDefined": false
      },
      {
        "text": "?",
        "userDefined": false
      }
    ],
    "isTemplate": false,
    "count": 0,
    "lang": "de",
    "updated": 0
  },
  {
    "id": "b7f99157-d2ec-46b8-b9a3-9f9ac19197c5",
    "data": [
      {
        "text": "Was ist das Thema des Festivals?",
        "userDefined": false
      }
    ],
    "isTemplate": false,
    "count": 0,
    "lang": "de",
    "updated": 0
  },
  {
    "id": "d22e9acf-42a9-45a9-aba0-ce0bbf44a47a",
    "data": [
      {
        "text": "stell",
        "userDefined": false
      },
      {
        "text": " mir das Thema vom Festival vor",
        "userDefined": false
      }
    ],
    "isTemplate": false,
    "count": 0,
    "lang": "de",
    "updated": 0
  },
  {
    "id": "40aa4ef4-81ba-4879-b3e3-851b8e70b191",
    "data": [
      {
        "text": "weiter: Themenvorstellung",
        "userDefined": false
      }
    ],
    "isTemplate": false,
    "count": 0,
    "lang": "de",
    "updated": 0
  },
  {
    "id": "e9dc7a9a-d498-44f5-ba51-d557889c4d69",
    "data": [
      {
        "text": "Festivalschwerpunkt",
        "userDefined": false
      },
      {
        "text": " ",
        "userDefined": false
      },
      {
        "text": "2022",
        "userDefined": false
      }
    ],
    "isTemplate": false,
    "count": 0,
    "lang": "de",
    "updated": 0
  }
]