[
  {
    "id": "7e188877-cb27-4947-bc45-9e98c3049f32",
    "data": [
      {
        "text": "ich ",
        "userDefined": false
      },
      {
        "text": "will",
        "userDefined": false
      },
      {
        "text": " das auf der sommerblut seite sehen",
        "userDefined": false
      }
    ],
    "isTemplate": false,
    "count": 0,
    "lang": "de",
    "updated": 0
  },
  {
    "id": "3f7ec8f1-e379-48d5-b895-fb4ae69cc60e",
    "data": [
      {
        "text": "zeig",
        "userDefined": false
      },
      {
        "text": " mir das auf der webseite",
        "userDefined": false
      }
    ],
    "isTemplate": false,
    "count": 0,
    "lang": "de",
    "updated": 0
  },
  {
    "id": "56b81e77-dc18-4bdb-8efd-07ea8ce1b43f",
    "data": [
      {
        "text": "ich möchte die veranstaltung auf der website sehen",
        "userDefined": false
      }
    ],
    "isTemplate": false,
    "count": 0,
    "lang": "de",
    "updated": 0
  },
  {
    "id": "5f966c62-5d24-4d89-8741-dd524a2c40f7",
    "data": [
      {
        "text": "Zeig",
        "userDefined": false
      },
      {
        "text": " ",
        "userDefined": false
      },
      {
        "text": "mir die Veranstaltung auf sommerblut.de",
        "userDefined": false
      }
    ],
    "isTemplate": false,
    "count": 0,
    "lang": "de",
    "updated": 0
  },
  {
    "id": "6e933484-e42b-433c-b40b-3c28a009a281",
    "data": [
      {
        "text": "Zeig",
        "userDefined": false
      },
      {
        "text": " ",
        "userDefined": false
      },
      {
        "text": "mir die Veranstaltung auf  Sommerblut.de",
        "userDefined": false
      }
    ],
    "isTemplate": false,
    "count": 0,
    "lang": "de",
    "updated": 0
  },
  {
    "data": [
      {
        "text": "Zeig",
        "userDefined": false
      },
      {
        "text": " mir die Veranstaltung auf ",
        "userDefined": false
      },
      {
        "text": "Sommerblut.de",
        "meta": "@sys.url",
        "alias": "url",
        "userDefined": false
      }
    ],
    "isTemplate": false,
    "count": 0,
    "lang": "de",
    "updated": 0
  }
]