[
  {
    "id": "02214cbd-3cd3-41f8-a143-25cb31c20337",
    "data": [
      {
        "text": "zeig",
        "userDefined": false
      },
      {
        "text": " random ",
        "userDefined": false
      },
      {
        "text": "event",
        "userDefined": false
      }
    ],
    "isTemplate": false,
    "count": 0,
    "lang": "de",
    "updated": 0
  },
  {
    "id": "a826cba6-46d1-43af-8d81-5e4498ef08a0",
    "data": [
      {
        "text": "hast du ",
        "userDefined": false
      },
      {
        "text": "eine",
        "meta": "@sys.number",
        "alias": "number",
        "userDefined": false
      },
      {
        "text": " random ",
        "userDefined": false
      },
      {
        "text": "veranstaltung",
        "userDefined": false
      },
      {
        "text": " für ",
        "userDefined": false
      },
      {
        "text": "mich",
        "userDefined": false
      },
      {
        "text": "?",
        "userDefined": false
      }
    ],
    "isTemplate": false,
    "count": 0,
    "lang": "de",
    "updated": 0
  },
  {
    "id": "2dbebe5b-131f-42ef-997d-609c0d0c09f7",
    "data": [
      {
        "text": "ich will",
        "userDefined": false
      },
      {
        "text": " irgendeine ",
        "userDefined": false
      },
      {
        "text": "veranstaltung",
        "userDefined": false
      },
      {
        "text": " ",
        "userDefined": false
      },
      {
        "text": "sehen",
        "userDefined": false
      }
    ],
    "isTemplate": false,
    "count": 0,
    "lang": "de",
    "updated": 0
  },
  {
    "id": "0d33f25f-372e-42fe-a671-b00d81f474a4",
    "data": [
      {
        "text": "zeig",
        "userDefined": false
      },
      {
        "text": " mir ",
        "userDefined": false
      },
      {
        "text": "eine",
        "meta": "@sys.number",
        "alias": "number",
        "userDefined": false
      },
      {
        "text": " zufällige ",
        "userDefined": false
      },
      {
        "text": "veranstaltung",
        "userDefined": false
      }
    ],
    "isTemplate": false,
    "count": 0,
    "lang": "de",
    "updated": 0
  }
]