[
  {
    "id": "8863590e-f2a0-4462-9022-8cfc8e82b2a8",
    "data": [
      {
        "text": "Video",
        "userDefined": false
      },
      {
        "text": " zu Sommerblut",
        "userDefined": false
      }
    ],
    "isTemplate": false,
    "count": 1,
    "lang": "de",
    "updated": 0
  },
  {
    "id": "7932637b-b3d2-433a-99bf-04f9384be3fd",
    "data": [
      {
        "text": "Zeig",
        "userDefined": false
      },
      {
        "text": " mir ",
        "userDefined": false
      },
      {
        "text": "ein Video",
        "userDefined": false
      },
      {
        "text": " über Sommerblut",
        "userDefined": false
      }
    ],
    "isTemplate": false,
    "count": 0,
    "lang": "de",
    "updated": 0
  },
  {
    "id": "c9ca59b5-9e88-4076-a55c-2a56359f56c8",
    "data": [
      {
        "text": "Video anschauen",
        "userDefined": false
      },
      {
        "text": ": Was ist Sommerblut",
        "userDefined": false
      }
    ],
    "isTemplate": false,
    "count": 0,
    "lang": "de",
    "updated": 0
  },
  {
    "id": "662e4f44-ab5b-488c-8655-bac1d0feab64",
    "data": [
      {
        "text": "Video",
        "userDefined": false
      },
      {
        "text": ": Was ist Sommerblut?",
        "userDefined": false
      }
    ],
    "isTemplate": false,
    "count": 0,
    "lang": "de",
    "updated": 0
  }
]