[
  {
    "id": "f457f667-1cda-4a0b-9065-5509d7b5d695",
    "data": [
      {
        "text": "Kommt bald wieder ",
        "userDefined": false
      },
      {
        "text": "ein",
        "meta": "@sys.number",
        "alias": "number",
        "userDefined": false
      },
      {
        "text": " ",
        "userDefined": false
      },
      {
        "text": "Stück",
        "userDefined": false
      },
      {
        "text": " von Sommerblut?",
        "userDefined": false
      }
    ],
    "isTemplate": false,
    "count": 0,
    "lang": "de",
    "updated": 0
  },
  {
    "id": "9122c350-b720-4721-a5dc-517ef4400f5b",
    "data": [
      {
        "text": "was läuft als nächstes?",
        "userDefined": false
      }
    ],
    "isTemplate": false,
    "count": 0,
    "lang": "de",
    "updated": 0
  },
  {
    "id": "4fae3e8a-3032-450e-8b37-b506b8bda0d6",
    "data": [
      {
        "text": "was kann ich als nächstes sehen",
        "userDefined": false
      }
    ],
    "isTemplate": false,
    "count": 0,
    "lang": "de",
    "updated": 0
  },
  {
    "id": "56807593-828b-48b2-b04f-b3cc76796102",
    "data": [
      {
        "text": "Welche Veranstaltung wird als nächstes gespielt",
        "userDefined": false
      }
    ],
    "isTemplate": false,
    "count": 0,
    "lang": "de",
    "updated": 0
  },
  {
    "id": "f0cafd78-ebef-43dd-ace0-85a417b18a42",
    "data": [
      {
        "text": "was spielt als nächstes",
        "userDefined": false
      },
      {
        "text": "?",
        "userDefined": false
      }
    ],
    "isTemplate": false,
    "count": 0,
    "lang": "de",
    "updated": 0
  },
  {
    "id": "ac1e91dd-d4e8-4c0a-90b0-5f3bbb7c28f3",
    "data": [
      {
        "text": "nächstes ",
        "userDefined": false
      },
      {
        "text": "event",
        "userDefined": false
      }
    ],
    "isTemplate": false,
    "count": 0,
    "lang": "de",
    "updated": 0
  },
  {
    "id": "89729abf-41d6-451d-8770-6a45affe701b",
    "data": [
      {
        "text": "show ",
        "userDefined": false
      },
      {
        "text": "next",
        "userDefined": false
      },
      {
        "text": " ",
        "userDefined": false
      },
      {
        "text": "event",
        "userDefined": false
      }
    ],
    "isTemplate": false,
    "count": 0,
    "lang": "de",
    "updated": 0
  }
]