[
  {
    "id": "3fe8df70-4ef2-49ca-a8f6-30652ba5a9c0",
    "data": [
      {
        "text": "sehr komisch haha",
        "userDefined": false
      }
    ],
    "isTemplate": false,
    "count": 0,
    "lang": "de",
    "updated": 0
  },
  {
    "id": "00cb91f6-9e84-43e4-8389-60ccc5e1d58f",
    "data": [
      {
        "text": "sehr lustig",
        "userDefined": false
      }
    ],
    "isTemplate": false,
    "count": 0,
    "lang": "de",
    "updated": 0
  },
  {
    "id": "265476ca-8883-4135-bea0-148356374881",
    "data": [
      {
        "text": "ulkig",
        "userDefined": false
      }
    ],
    "isTemplate": false,
    "count": 0,
    "lang": "de",
    "updated": 0
  },
  {
    "id": "d936b8e8-7f30-4099-823c-4fe7046e9103",
    "data": [
      {
        "text": "komisch",
        "userDefined": false
      }
    ],
    "isTemplate": false,
    "count": 0,
    "lang": "de",
    "updated": 0
  },
  {
    "id": "19b092ad-676e-4d59-8359-ccdd4410e6ef",
    "data": [
      {
        "text": "ha ha",
        "userDefined": false
      }
    ],
    "isTemplate": false,
    "count": 0,
    "lang": "de",
    "updated": 0
  },
  {
    "id": "57dc11ed-844f-45e4-a837-63d05e9e4922",
    "data": [
      {
        "text": "hahaha",
        "userDefined": false
      }
    ],
    "isTemplate": false,
    "count": 0,
    "lang": "de",
    "updated": 0
  },
  {
    "id": "661ddaa5-1e05-44e5-a492-4f62e3273452",
    "data": [
      {
        "text": "ha ha lol",
        "userDefined": false
      }
    ],
    "isTemplate": false,
    "count": 0,
    "lang": "de",
    "updated": 0
  },
  {
    "id": "457ba6df-bb01-4ed6-be8b-0d158fce4619",
    "data": [
      {
        "text": "lautes Lachen",
        "userDefined": false
      }
    ],
    "isTemplate": false,
    "count": 0,
    "lang": "de",
    "updated": 0
  },
  {
    "id": "b1db9566-fc84-4749-8e2d-54306de2ac0c",
    "data": [
      {
        "text": "das",
        "userDefined": false
      },
      {
        "text": " ",
        "userDefined": false
      },
      {
        "text": "ist",
        "userDefined": false
      },
      {
        "text": " lustig",
        "userDefined": false
      }
    ],
    "isTemplate": false,
    "count": 0,
    "lang": "de",
    "updated": 0
  },
  {
    "id": "847e5830-30d3-4579-9eea-e80cac2efacd",
    "data": [
      {
        "text": "ha ha ha",
        "userDefined": false
      }
    ],
    "isTemplate": false,
    "count": 0,
    "lang": "de",
    "updated": 0
  },
  {
    "id": "c52360a7-b602-46f2-9613-c7d4dc5c8177",
    "data": [
      {
        "text": "ahahah",
        "userDefined": false
      }
    ],
    "isTemplate": false,
    "count": 0,
    "lang": "de",
    "updated": 0
  },
  {
    "id": "e6cbc1c7-faa0-4e91-b400-61be487eb4b7",
    "data": [
      {
        "text": "ahahaha",
        "userDefined": false
      }
    ],
    "isTemplate": false,
    "count": 0,
    "lang": "de",
    "updated": 0
  },
  {
    "id": "5ad989e4-d279-4ec2-87a7-7f5b705bc9ec",
    "data": [
      {
        "text": "ahahahaha",
        "userDefined": false
      }
    ],
    "isTemplate": false,
    "count": 0,
    "lang": "de",
    "updated": 0
  },
  {
    "id": "38cae803-77ee-4a8d-996d-e58cdbc0090b",
    "data": [
      {
        "text": "witzig",
        "userDefined": false
      }
    ],
    "isTemplate": false,
    "count": 0,
    "lang": "de",
    "updated": 0
  }
]