[
  {
    "id": "6d083908-0276-4387-bccc-781c855b0733",
    "data": [
      {
        "text": "wie geht\u0027s dir",
        "userDefined": false
      }
    ],
    "isTemplate": false,
    "count": 0,
    "lang": "de",
    "updated": 0
  },
  {
    "id": "2d9e2498-e1f7-40a9-af3b-11f4d386c793",
    "data": [
      {
        "text": "wie geht\u0027s",
        "userDefined": false
      }
    ],
    "isTemplate": false,
    "count": 0,
    "lang": "de",
    "updated": 0
  },
  {
    "id": "fa864787-1d0c-45ed-8b97-e93a5e1a7cda",
    "data": [
      {
        "text": "alles klar bei dir",
        "userDefined": false
      }
    ],
    "isTemplate": false,
    "count": 0,
    "lang": "de",
    "updated": 0
  },
  {
    "id": "e9beb203-5290-412e-b242-db24d9bef5a3",
    "data": [
      {
        "text": "wie geht es Ihnen",
        "userDefined": false
      }
    ],
    "isTemplate": false,
    "count": 0,
    "lang": "de",
    "updated": 0
  },
  {
    "id": "bac54558-2551-4191-a7fb-faa3f5e4ba9a",
    "data": [
      {
        "text": "wie sieht\u0027s aus",
        "userDefined": false
      }
    ],
    "isTemplate": false,
    "count": 0,
    "lang": "de",
    "updated": 0
  },
  {
    "id": "5261a6ff-a019-4501-bd03-79fa7a9181e8",
    "data": [
      {
        "text": "wie geht\u0027s dir so",
        "userDefined": false
      }
    ],
    "isTemplate": false,
    "count": 0,
    "lang": "de",
    "updated": 0
  },
  {
    "id": "a2cfbeee-8609-41a3-a1df-e5bedd6a59df",
    "data": [
      {
        "text": " ist alles im Lack",
        "userDefined": false
      }
    ],
    "isTemplate": false,
    "count": 0,
    "lang": "de",
    "updated": 0
  },
  {
    "id": "9a40c6b8-f664-4261-a74c-dc65608bae52",
    "data": [
      {
        "text": "ist alles gut",
        "userDefined": false
      }
    ],
    "isTemplate": false,
    "count": 0,
    "lang": "de",
    "updated": 0
  },
  {
    "id": "48977c49-5fce-4117-8430-cb4971d69860",
    "data": [
      {
        "text": "ist alles in Ordnung",
        "userDefined": false
      }
    ],
    "isTemplate": false,
    "count": 0,
    "lang": "de",
    "updated": 0
  },
  {
    "id": "50c49412-9f97-4071-b5d4-0d33818dc047",
    "data": [
      {
        "text": "ist alles klar bei dir",
        "userDefined": false
      }
    ],
    "isTemplate": false,
    "count": 0,
    "lang": "de",
    "updated": 0
  },
  {
    "id": "447b6e25-ddd7-4d26-bd39-c16948a1a05f",
    "data": [
      {
        "text": "wie geht es dir",
        "userDefined": false
      }
    ],
    "isTemplate": false,
    "count": 1,
    "lang": "de",
    "updated": 0
  }
]