[
  {
    "value": "A UNIVERSAL PERSON",
    "synonyms": [
      "A UNIVERSAL PERSON"
    ]
  },
  {
    "value": "AGENDA",
    "synonyms": [
      "AGENDA"
    ]
  },
  {
    "value": "Alles Aber Anders",
    "synonyms": [
      "Alles Aber Anders"
    ]
  },
  {
    "value": "BIOTOPE",
    "synonyms": [
      "BIOTOPE"
    ]
  },
  {
    "value": "Biotopia. Eine Fortpflanzung",
    "synonyms": [
      "Biotopia. Eine Fortpflanzung"
    ]
  },
  {
    "value": "ENTLOVE YOU!",
    "synonyms": [
      "ENTLOVE YOU!"
    ]
  }
]