[
  {
    "value": "A UNIVERSAL PERSON",
    "synonyms": [
      "A UNIVERSAL PERSON"
    ]
  },
  {
    "value": "AGENDA",
    "synonyms": [
      "AGENDA"
    ]
  },
  {
    "value": "ÄLLEI",
    "synonyms": [
      "ÄLLEI"
    ]
  },
  {
    "value": "Alles Aber Anders",
    "synonyms": [
      "Alles Aber Anders"
    ]
  },
  {
    "value": "BIOTOPE",
    "synonyms": [
      "BIOTOPE"
    ]
  },
  {
    "value": "Biotopia. Eine Fortpflanzung",
    "synonyms": [
      "Biotopia. Eine Fortpflanzung"
    ]
  },
  {
    "value": "ENTLOVE YOU!",
    "synonyms": [
      "ENTLOVE YOU!"
    ]
  },
  {
    "value": "Frischtextlabor",
    "synonyms": [
      "Frischtextlabor"
    ]
  },
  {
    "value": "HAPPY ISLAND",
    "synonyms": [
      "HAPPY ISLAND"
    ]
  },
  {
    "value": "Herbarium",
    "synonyms": [
      "Herbarium"
    ]
  },
  {
    "value": "iBelieve",
    "synonyms": [
      "iBelieve"
    ]
  },
  {
    "value": "Lattjo liten pryl",
    "synonyms": [
      "Lattjo liten pryl"
    ]
  },
  {
    "value": "queertopolis",
    "synonyms": [
      "queertopolis"
    ]
  },
  {
    "value": "ROMANITY",
    "synonyms": [
      "ROMANITY"
    ]
  },
  {
    "value": "SKIN",
    "synonyms": [
      "SKIN"
    ]
  },
  {
    "value": "Totentanz Café",
    "synonyms": [
      "Totentanz Café"
    ]
  },
  {
    "value": "The Human Measure",
    "synonyms": [
      "The Human Measure"
    ]
  },
  {
    "value": "Unseen",
    "synonyms": [
      "Unseen"
    ]
  },
  {
    "value": "VAGABUNDEN",
    "synonyms": [
      "VAGABUNDEN"
    ]
  },
  {
    "value": "Vögel",
    "synonyms": [
      "Vögel"
    ]
  },
  {
    "value": "Zukunftsbilder",
    "synonyms": [
      "Zukunftsbilder"
    ]
  },
  {
    "value": "Das gestohlene Glück/ Украдене щастя",
    "synonyms": [
      "Das gestohlene Glück/ Украдене щастя",
      "Das gestohlene Glück"
    ]
  },
  {
    "value": "Syrien - Gegen das Vergessen",
    "synonyms": [
      "Syrien - Gegen das Vergessen"
    ]
  },
  {
    "value": "KULTURFINALE",
    "synonyms": [
      "KULTURFINALE"
    ]
  }
]