[
  {
    "value": "a",
    "synonyms": [
      "a"
    ]
  },
  {
    "value": "b",
    "synonyms": [
      "b"
    ]
  },
  {
    "value": "c",
    "synonyms": [
      "c"
    ]
  },
  {
    "value": "d",
    "synonyms": [
      "d"
    ]
  },
  {
    "value": "e",
    "synonyms": [
      "e"
    ]
  },
  {
    "value": "f",
    "synonyms": [
      "f"
    ]
  },
  {
    "value": "g",
    "synonyms": [
      "g"
    ]
  },
  {
    "value": "h",
    "synonyms": [
      "h"
    ]
  },
  {
    "value": "i",
    "synonyms": [
      "i"
    ]
  },
  {
    "value": "j",
    "synonyms": [
      "j"
    ]
  },
  {
    "value": "k",
    "synonyms": [
      "k"
    ]
  },
  {
    "value": "l",
    "synonyms": [
      "l"
    ]
  },
  {
    "value": "m",
    "synonyms": [
      "m"
    ]
  },
  {
    "value": "n",
    "synonyms": [
      "n"
    ]
  },
  {
    "value": "o",
    "synonyms": [
      "o"
    ]
  },
  {
    "value": "p",
    "synonyms": [
      "p"
    ]
  },
  {
    "value": "q",
    "synonyms": [
      "q"
    ]
  },
  {
    "value": "r",
    "synonyms": [
      "r"
    ]
  },
  {
    "value": "s",
    "synonyms": [
      "s"
    ]
  },
  {
    "value": "t",
    "synonyms": [
      "t"
    ]
  },
  {
    "value": "u",
    "synonyms": [
      "u"
    ]
  },
  {
    "value": "v",
    "synonyms": [
      "v"
    ]
  },
  {
    "value": "w",
    "synonyms": [
      "w"
    ]
  },
  {
    "value": "x",
    "synonyms": [
      "x"
    ]
  },
  {
    "value": "y",
    "synonyms": [
      "y"
    ]
  },
  {
    "value": "z",
    "synonyms": [
      "z"
    ]
  },
  {
    "value": "ae",
    "synonyms": [
      "ae",
      "ä"
    ]
  },
  {
    "value": "ue",
    "synonyms": [
      "ue",
      "ü"
    ]
  },
  {
    "value": "oe",
    "synonyms": [
      "oe",
      "ö"
    ]
  },
  {
    "value": "sz",
    "synonyms": [
      "sz",
      "ß"
    ]
  },
  {
    "value": "sch",
    "synonyms": [
      "sch"
    ]
  }
]