[
  {
    "value": "Ableismus",
    "synonyms": [
      "Ableismus"
    ]
  },
  {
    "value": "ÄLLEI / a11y",
    "synonyms": [
      "ÄLLEI / a11y",
      "allei",
      "ällei",
      "a11y",
      "was bedeutet ällei",
      "was bedeutet euer name",
      "ÄLLEI"
    ]
  },
  {
    "value": "DGS",
    "synonyms": [
      "DGS",
      "deutsche gebärdensprache",
      "Gebärdensprache"
    ]
  },
  {
    "value": "Agender/ Asexual/ Aromantic",
    "synonyms": [
      "Agender/ Asexual/ Aromantic",
      "agender",
      "asexual",
      "asexuell",
      "aromantic",
      "aromantisch"
    ]
  },
  {
    "value": "Cis / cis-gender",
    "synonyms": [
      "Cis / cis-gender",
      "cis-person",
      "cis",
      "CIS",
      "cisgender"
    ]
  },
  {
    "value": "Digitale Teilhabe",
    "synonyms": [
      "Digitale Teilhabe",
      "Teilhabe"
    ]
  },
  {
    "value": "Drag",
    "synonyms": [
      "Drag"
    ]
  },
  {
    "value": "Empowerment",
    "synonyms": [
      "Empowerment",
      "Bestärkung"
    ]
  },
  {
    "value": "FINTA / FLINTA*",
    "synonyms": [
      "FINTA / FLINTA*",
      "Flint",
      "Flinta",
      "Finta"
    ]
  },
  {
    "value": "Gender",
    "synonyms": [
      "Gender",
      "Geschlecht"
    ]
  },
  {
    "value": "Inklusion",
    "synonyms": [
      "Inklusion"
    ]
  },
  {
    "value": "Inter*",
    "synonyms": [
      "Inter*"
    ]
  },
  {
    "value": "Konsens / consent",
    "synonyms": [
      "Konsens / consent",
      "Konsenz",
      "Consent",
      "Einverständnis"
    ]
  },
  {
    "value": "LGBTQ / LGBTQIA*+",
    "synonyms": [
      "LGBTQ / LGBTQIA*+",
      "lesbisch",
      "gay",
      "bisexuell",
      "transsexuell",
      "lgbtq",
      "lgbtqia"
    ]
  },
  {
    "value": "mixed-abled",
    "synonyms": [
      "mixed-abled"
    ]
  },
  {
    "value": "Multipolar",
    "synonyms": [
      "Multipolar"
    ]
  },
  {
    "value": "Open Mic Event",
    "synonyms": [
      "Open Mic Event",
      "Offenes Mikrofon"
    ]
  },
  {
    "value": "queer",
    "synonyms": [
      "queer",
      "quer"
    ]
  },
  {
    "value": "Totentanz",
    "synonyms": [
      "Totentanz"
    ]
  },
  {
    "value": "Touch-Tour",
    "synonyms": [
      "Touch-Tour",
      "Blindenführung"
    ]
  },
  {
    "value": "Visual Vernacular",
    "synonyms": [
      "Visual Vernacular",
      "Visuelle Umgangssprache"
    ]
  }
]